"time"	"time"	"antispace"
0	0	1
10	10	0.9900498337
20	20	0.9801986733
30	30	0.9704455335
40	40	0.9607894392
50	50	0.9512294245
60	60	0.9417645336
70	70	0.9323938199
80	80	0.9231163464
90	90	0.9139311853
100	100	0.904837418
110	110	0.8958341353
120	120	0.8869204367
130	130	0.8780954309
140	140	0.8693582354
150	150	0.8607079764
160	160	0.852143789
170	170	0.8436648166
180	180	0.8352702114
190	190	0.8269591339
